{"cameraMode":{"drawMode":0,"name":"Shaded","section":"Shading Mode"},"sceneLighting":true,"audioPlay":false,"sceneViewState":{"m_AlwaysRefresh":false,"showFog":true,"showSkybox":true,"showFlares":true,"showImageEffects":true,"showParticleSystems":true,"showVisualEffectGraphs":true,"m_FxEnabled":false},"in2DMode":false,"pivot":{"x":0.014547139406204224,"y":0.892611026763916,"z":0.5915561318397522},"rotation":{"x":-0.015148160047829152,"y":0.9220147132873535,"z":-0.03626274690032005,"w":-0.38515570759773257},"size":0.3247448801994324,"orthographic":false}