{"cameraMode":{"drawMode":0,"name":"Shaded","section":"Shading Mode"},"sceneLighting":true,"audioPlay":false,"sceneViewState":{"m_AlwaysRefresh":false,"showFog":true,"showSkybox":true,"showFlares":true,"showImageEffects":true,"showParticleSystems":true,"showVisualEffectGraphs":true,"m_FxEnabled":false},"in2DMode":false,"pivot":{"x":-0.09598135948181153,"y":0.735061764717102,"z":0.25542616844177248},"rotation":{"x":-0.04645879939198494,"y":0.9488533735275269,"z":-0.16708998382091523,"w":-0.26382872462272646},"size":0.5660253763198853,"orthographic":false}